Player,Team,Position,Championship Season,Championship Goals,FPL Season,FPL Points,FPL Goals,FPL Assists,Player (FPL Season),Player (FPL Season) - Short
Aleksandar Mitrović,Fulham,FWD,2021-22,43,2022-23,107.0,14.0,2.0,Aleksandar Mitrović (2022-23),Mitrović: 22/23
Ivan Toney,Brentford,FWD,2020-21,30,2021-22,139.0,12.0,5.0,Ivan Toney (2021-22),Toney: 21/22
Teemu Pukki,Norwich,FWD,2018-19,29,2019-20,139.0,11.0,3.0,Teemu Pukki (2019-20),Pukki: 19/20
Dominic Solanke,Bournemouth,FWD,2021-22,29,2022-23,130.0,6.0,10.0,Dominic Solanke (2022-23),Solanke: 22/23
Aleksandar Mitrović,Fulham,FWD,2019-20,26,2020-21,63.0,3.0,3.0,Aleksandar Mitrović (2020-21),Mitrović: 20/21
Teemu Pukki,Norwich,FWD,2020-21,26,2021-22,142.0,11.0,3.0,Teemu Pukki (2021-22),Pukki: 21/22
Andre Gray,Burnley,FWD,2015-16,25,2016-17,108.0,9.0,3.0,Andre Gray (2016-17),Gray: 16/17
Glenn Murray,Brighton,FWD,2016-17,23,2017-18,111.0,12.0,0.0,Glenn Murray (2017-18),Murray: 17/18
Dwight Gayle,Newcastle,FWD,2016-17,23,2017-18,94.0,6.0,3.0,Dwight Gayle (2017-18),Gayle: 17/18
Billy Sharp,Sheffield Utd,FWD,2018-19,23,2019-20,57.0,3.0,2.0,Billy Sharp (2019-20),Sharp: 19/20
Abel Hernández,Hull,FWD,2015-16,20,2016-17,72.0,4.0,4.0,Abel Hernández (2016-17),Hernández: 16/17
Carlton Morris,Luton,FWD,2022-23,20,2023-24,146.0,11.0,6.0,Carlton Morris (2023-24),Morris: 23/24
Diogo Jota,Wolves,MID,2017-18,17,2018-19,139.0,9.0,8.0,Diogo Jota (2018-19),Jota: 18/19
Patrick Bamford,Leeds,FWD,2019-20,16,2020-21,194.0,17.0,11.0,Patrick Bamford (2020-21),Bamford: 20/21
Jordan Rhodes,Middlesbrough,FWD,2015-16,16,2016-17,8.0,0.0,0.0,Jordan Rhodes (2016-17),Rhodes: 16/17
Brennan Johnson,Nott'm Forest,FWD,2021-22,16,2022-23,122.0,8.0,5.0,Brennan Johnson (2022-23),Johnson: 22/23
Ryan Sessegnon,Fulham,MID,2017-18,15,2018-19,94.0,2.0,7.0,Ryan Sessegnon (2018-19),Sessegnon: 18/19
David McGoldrick,Sheffield Utd,FWD,2018-19,15,2019-20,65.0,2.0,2.0,David McGoldrick (2019-20),McGoldrick: 19/20
Sam Vokes,Burnley,FWD,2015-16,15,2016-17,121.0,10.0,4.0,Sam Vokes (2016-17),Vokes: 16/17
Anthony Knockaert,Brighton,MID,2016-17,15,2017-18,88.0,3.0,1.0,Anthony Knockaert (2017-18),Knockaert: 17/18
Iliman Ndiaye,Sheffield Utd,FWD,2022-23,14,2023-24,0.0,0.0,0.0,Iliman Ndiaye (2023-24),Ndiaye: 23/24
Ismaïla Sarr,Watford,MID,2020-21,13,2021-22,81.0,5.0,2.0,Ismaïla Sarr (2021-22),Sarr: 21/22
Oliver McBurnie,Sheffield Utd,FWD,2022-23,13,2023-24,66.0,6.0,3.0,Oliver McBurnie (2023-24),McBurnie: 23/24
Elias Kachunga,Huddersfield,MID,2016-17,12,2017-18,46.0,1.0,1.0,Elias Kachunga (2017-18),Kachunga: 17/18
Aleksandar Mitrović,Fulham,FWD,2017-18,12,2018-19,134.0,11.0,4.0,Aleksandar Mitrović (2018-19),Mitrović: 18/19
Matt Ritchie,Newcastle,MID,2016-17,12,2017-18,116.0,3.0,7.0,Matt Ritchie (2017-18),Ritchie: 17/18
Manuel Benson,Burnley,MID,2022-23,12,2023-24,8.0,0.0,0.0,Manuel Benson (2023-24),Benson: 23/24
Tomer Hemed,Brighton,FWD,2016-17,11,2017-18,43.0,2.0,2.0,Tomer Hemed (2017-18),Hemed: 17/18
Philip Billing,Bournemouth,MID,2021-22,10,2022-23,126.0,7.0,2.0,Philip Billing (2022-23),Billing: 22/23
Jay Rodriguez,Burnley,FWD,2022-23,10,2023-24,41.0,2.0,1.0,Jay Rodriguez (2023-24),Rodriguez: 23/24
Callum Paterson,Cardiff,MID,2017-18,10,2018-19,80.0,4.0,2.0,Callum Paterson (2018-19),Paterson: 18/19
Gary Madine,Cardiff,FWD,2017-18,10,2018-19,5.0,0.0,0.0,Gary Madine (2018-19),Madine: 18/19
Harry Wilson,Fulham,MID,2021-22,10,2022-23,68.0,2.0,5.0,Harry Wilson (2022-23),Wilson: 22/23
Charlie Austin,West Brom,FWD,2019-20,10,2020-21,5.0,0.0,0.0,Charlie Austin (2020-21),Austin: 20/21
Hal Robson-Kanu,West Brom,FWD,2019-20,10,2020-21,30.0,2.0,0.0,Hal Robson-Kanu (2020-21),Robson/Kanu: 20/21
Mario Vrančić,Norwich,MID,2018-19,10,2019-20,29.0,1.0,0.0,Mario Vrančić (2019-20),Vrančić: 19/20
Sam Baldock,Brighton,FWD,2016-17,10,2017-18,2.0,0.0,0.0,Sam Baldock (2017-18),Baldock: 17/18
Ivan Cavaleiro,Wolves,MID,2017-18,9,2018-19,48.0,3.0,1.0,Ivan Cavaleiro (2018-19),Cavaleiro: 18/19
Kenneth Zohoré,Cardiff,FWD,2017-18,9,2018-19,33.0,1.0,1.0,Kenneth Zohoré (2018-19),Zohoré: 18/19
Ayoze Pérez,Newcastle,FWD,2016-17,9,2017-18,124.0,8.0,6.0,Ayoze Pérez (2017-18),Pérez: 17/18
Junior Hoilett,Cardiff,MID,2017-18,9,2018-19,82.0,3.0,2.0,Junior Hoilett (2018-19),Hoilett: 18/19
Jonathan Kodjia,Aston Villa,FWD,2018-19,9,2019-20,5.0,0.0,0.0,Jonathan Kodjia (2019-20),Kodjia: 19/20
Marco Stiepermann,Norwich,MID,2018-19,9,2019-20,32.0,0.0,0.0,Marco Stiepermann (2019-20),Stiepermann: 19/20
Pablo Hernández,Leeds,MID,2019-20,9,2020-21,28.0,0.0,3.0,Pablo Hernández (2020-21),Hernández: 20/21
Neeskens Kebano,Fulham,MID,2021-22,9,2022-23,40.0,0.0,4.0,Neeskens Kebano (2022-23),Kebano: 22/23
James McAtee,Sheffield Utd,MID,2022-23,9,2023-24,77.0,3.0,4.0,James McAtee (2023-24),McAtee: 23/24
Momo Diamé,Hull,MID,2015-16,9,2016-17,0.0,0.0,0.0,Momo Diamé (2016-17),Diamé: 16/17
Sergi Canós,Brentford,MID,2020-21,9,2021-22,81.0,3.0,3.0,Sergi Canós (2021-22),Canós: 21/22
Tom Cairney,Fulham,MID,2019-20,8,2020-21,27.0,1.0,1.0,Tom Cairney (2020-21),Cairney: 20/21
Ryan Yates,Nott'm Forest,MID,2021-22,8,2022-23,53.0,0.0,3.0,Ryan Yates (2022-23),Yates: 22/23
Lyle Taylor,Nott'm Forest,FWD,2021-22,8,2022-23,0.0,0.0,0.0,Lyle Taylor (2022-23),Taylor: 22/23
Bobby De Cordova-Reid,Fulham,MID,2021-22,8,2022-23,90.0,4.0,1.0,Bobby De Cordova-Reid (2022-23),De Cordova/Reid: 22/23
Stefan Johansen,Fulham,MID,2017-18,8,2018-19,11.0,0.0,0.0,Stefan Johansen (2018-19),Johansen: 18/19
David Nugent,Middlesbrough,FWD,2015-16,8,2016-17,4.0,0.0,0.0,David Nugent (2016-17),Nugent: 16/17
Kamil Grosicki,West Brom,MID,2019-20,8,2020-21,8.0,0.0,1.0,Kamil Grosicki (2020-21),Grosicki: 20/21
Jaidon Anthony,Bournemouth,MID,2021-22,8,2022-23,61.0,3.0,1.0,Jaidon Anthony (2022-23),Anthony: 22/23
Onel Hernández,Norwich,MID,2018-19,8,2019-20,52.0,1.0,2.0,Onel Hernández (2019-20),Hernández: 19/20
Scott Arfield,Burnley,MID,2015-16,8,2016-17,69.0,1.0,2.0,Scott Arfield (2016-17),Arfield: 16/17
Matheus Pereira,West Brom,MID,2019-20,8,2020-21,153.0,11.0,7.0,Matheus Pereira (2020-21),Pereira: 20/21
Grady Diangana,West Brom,MID,2019-20,8,2020-21,39.0,1.0,0.0,Grady Diangana (2020-21),Diangana: 20/21
Emiliano Buendia,Norwich,MID,2018-19,8,2019-20,94.0,1.0,7.0,Emiliano Buendia (2019-20),Buendia: 19/20
Bryan Mbeumo,Brentford,MID,2020-21,8,2021-22,119.0,4.0,7.0,Bryan Mbeumo (2021-22),Mbeumo: 21/22
Gastón Ramírez,Middlesbrough,MID,2015-16,7,2016-17,59.0,2.0,3.0,Gastón Ramírez (2016-17),Ramírez: 16/17
Joe Ralls,Cardiff,MID,2017-18,7,2018-19,45.0,0.0,0.0,Joe Ralls (2018-19),Ralls: 18/19
Sean Morrison,Cardiff,DEF,2017-18,7,2018-19,97.0,1.0,4.0,Sean Morrison (2018-19),Morrison: 18/19
Aboubakar Kamara,Fulham,FWD,2017-18,7,2018-19,28.0,3.0,0.0,Aboubakar Kamara (2018-19),Kamara: 18/19
Troy Deeney,Watford,FWD,2020-21,7,2021-22,2.0,0.0,0.0,Troy Deeney (2021-22),Deeney: 21/22
Conor Hourihane,Aston Villa,MID,2018-19,7,2019-20,83.0,3.0,5.0,Conor Hourihane (2019-20),Hourihane: 19/20
Matthew Phillips,West Brom,MID,2019-20,7,2020-21,69.0,2.0,1.0,Matthew Phillips (2020-21),Phillips: 20/21
Elijah Adebayo,Luton,FWD,2022-23,7,2023-24,94.0,10.0,1.0,Elijah Adebayo (2023-24),Adebayo: 23/24
Josh Brownhill,Burnley,MID,2022-23,7,2023-24,78.0,4.0,2.0,Josh Brownhill (2023-24),Brownhill: 23/24
Marcus Forss,Brentford,FWD,2020-21,7,2021-22,11.0,0.0,1.0,Marcus Forss (2021-22),Forss: 21/22
Cristhian Stuani,Middlesbrough,FWD,2015-16,7,2016-17,54.0,4.0,0.0,Cristhian Stuani (2016-17),Stuani: 16/17
Mateusz Klich,Leeds,MID,2019-20,6,2020-21,99.0,4.0,5.0,Mateusz Klich (2020-21),Klich: 20/21
Nathaniel Mendez-Laing,Cardiff,MID,2017-18,6,2018-19,63.0,4.0,1.0,Nathaniel Mendez-Laing (2018-19),Mendez/Laing: 18/19
Albert Adomah,Middlesbrough,MID,2015-16,6,2016-17,3.0,0.0,0.0,Albert Adomah (2016-17),Adomah: 16/17
Ezgjan Alioski,Leeds,DEF,2019-20,6,2020-21,110.0,2.0,3.0,Ezgjan Alioski (2020-21),Alioski: 20/21
Bobby De Cordova-Reid,Fulham,FWD,2019-20,6,2020-21,88.0,5.0,3.0,Bobby De Cordova-Reid (2020-21),De Cordova/Reid: 20/21
Jack Harrison,Leeds,MID,2019-20,6,2020-21,160.0,8.0,10.0,Jack Harrison (2020-21),Harrison: 20/21
John McGinn,Aston Villa,MID,2018-19,6,2019-20,84.0,3.0,3.0,John McGinn (2019-20),McGinn: 19/20
Jack Grealish,Aston Villa,MID,2018-19,6,2019-20,149.0,8.0,7.0,Jack Grealish (2019-20),Grealish: 19/20
Mark Duffy,Sheffield Utd,MID,2018-19,6,2019-20,0.0,0.0,0.0,Mark Duffy (2019-20),Duffy: 19/20
Anass Zaroury,Burnley,MID,2022-23,6,2023-24,4.0,0.0,0.0,Anass Zaroury (2023-24),Zaroury: 23/24
Anel Ahmedhodžić,Sheffield Utd,DEF,2022-23,6,2023-24,31.0,2.0,0.0,Anel Ahmedhodžić (2023-24),Ahmedhodžić: 23/24
Sam Clucas,Hull,MID,2015-16,6,2016-17,87.0,3.0,1.0,Sam Clucas (2016-17),Clucas: 16/17
Todd Cantwell,Norwich,MID,2020-21,6,2021-22,10.0,0.0,0.0,Todd Cantwell (2021-22),Cantwell: 21/22
Christian Atsu,Newcastle,MID,2016-17,5,2017-18,78.0,2.0,4.0,Christian Atsu (2017-18),Atsu: 17/18
George Boyd,Burnley,MID,2015-16,5,2016-17,92.0,2.0,2.0,George Boyd (2016-17),Boyd: 16/17
Joshua Dasilva,Brentford,MID,2020-21,5,2021-22,7.0,0.0,0.0,Joshua Dasilva (2021-22),Dasilva: 21/22
Kieran Dowell,Norwich,MID,2020-21,5,2021-22,41.0,1.0,1.0,Kieran Dowell (2021-22),Dowell: 21/22
Tariqe Fosu,Brentford,MID,2020-21,5,2021-22,1.0,0.0,0.0,Tariqe Fosu (2021-22),Fosu: 21/22
Jonjo Shelvey,Newcastle,MID,2016-17,5,2017-18,73.0,1.0,4.0,Jonjo Shelvey (2017-18),Shelvey: 17/18
Ken Sema,Watford,MID,2020-21,5,2021-22,26.0,0.0,0.0,Ken Sema (2021-22),Sema: 21/22
Michael Keane,Burnley,DEF,2015-16,5,2016-17,113.0,2.0,1.0,Michael Keane (2016-17),Keane: 16/17
Anwar el Ghazi,Aston Villa,MID,2018-19,5,2019-20,93.0,4.0,5.0,Anwar el Ghazi (2019-20),el Ghazi: 19/20
James Chester,Aston Villa,DEF,2018-19,5,2019-20,0.0,0.0,0.0,James Chester (2019-20),Chester: 19/20
Yoan Gouffran,Newcastle,MID,2016-17,5,2017-18,0.0,0.0,0.0,Yoan Gouffran (2017-18),Gouffran: 17/18
Andre Gray,Watford,FWD,2020-21,5,2021-22,0.0,0.0,0.0,Andre Gray (2021-22),Gray: 21/22
Stuart Dallas,Leeds,DEF,2019-20,5,2020-21,171.0,8.0,3.0,Stuart Dallas (2020-21),Dallas: 20/21
Barry Douglas,Wolves,DEF,2017-18,5,2018-19,0.0,0.0,0.0,Barry Douglas (2018-19),Douglas: 18/19
Jonathan Leko,West Brom,MID,2019-20,5,2020-21,0.0,0.0,0.0,Jonathan Leko (2020-21),Leko: 20/21
Tom Cairney,Fulham,MID,2017-18,5,2018-19,71.0,1.0,1.0,Tom Cairney (2018-19),Cairney: 18/19
Daryl Murphy,Newcastle,FWD,2016-17,5,2017-18,0.0,0.0,0.0,Daryl Murphy (2017-18),Murphy: 17/18
Hélder Costa,Wolves,MID,2017-18,5,2018-19,52.0,1.0,2.0,Hélder Costa (2018-19),Costa: 18/19
Connor Roberts,Burnley,DEF,2022-23,4,2023-24,12.0,0.0,1.0,Connor Roberts (2023-24),Roberts: 23/24
Grant Leadbitter,Middlesbrough,MID,2015-16,4,2016-17,28.0,1.0,0.0,Grant Leadbitter (2016-17),Leadbitter: 16/17
Jóhann Guðmundsson,Burnley,MID,2022-23,4,2023-24,48.0,1.0,3.0,Jóhann Guðmundsson (2023-24),Guðmundsson: 23/24
Chris Basham,Sheffield Utd,DEF,2018-19,4,2019-20,123.0,0.0,1.0,Chris Basham (2019-20),Basham: 19/20
Enda Stevens,Sheffield Utd,DEF,2018-19,4,2019-20,142.0,2.0,4.0,Enda Stevens (2019-20),Stevens: 19/20
Timm Klose,Norwich,DEF,2018-19,4,2019-20,9.0,0.0,0.0,Timm Klose (2019-20),Klose: 19/20
Jordan Hugill,Norwich,FWD,2020-21,4,2021-22,0.0,0.0,0.0,Jordan Hugill (2021-22),Hugill: 21/22
Dan Gosling,Watford,MID,2020-21,4,2021-22,11.0,1.0,0.0,Dan Gosling (2021-22),Gosling: 21/22
Tom Cleverley,Watford,MID,2020-21,4,2021-22,48.0,0.0,2.0,Tom Cleverley (2021-22),Cleverley: 21/22
Tyler Roberts,Leeds,MID,2019-20,4,2020-21,49.0,1.0,2.0,Tyler Roberts (2020-21),Roberts: 20/21
Aboubakar Kamara,Fulham,MID,2019-20,4,2020-21,8.0,0.0,0.0,Aboubakar Kamara (2020-21),Kamara: 20/21
Luke Ayling,Leeds,DEF,2019-20,4,2020-21,100.0,0.0,0.0,Luke Ayling (2020-21),Ayling: 20/21
Ben Godfrey,Norwich,DEF,2018-19,4,2019-20,38.0,0.0,0.0,Ben Godfrey (2019-20),Godfrey: 19/20
Aleksandar Mitrović,Newcastle,FWD,2016-17,4,2017-18,10.0,1.0,0.0,Aleksandar Mitrović (2017-18),Mitrović: 17/18
Danny Ward,Cardiff,MID,2017-18,4,2018-19,22.0,1.0,0.0,Danny Ward (2018-19),Ward: 18/19
Tommy Smith,Huddersfield,DEF,2016-17,4,2017-18,50.0,0.0,1.0,Tommy Smith (2017-18),Smith: 17/18
Aaron Mooy,Huddersfield,MID,2016-17,4,2017-18,113.0,4.0,3.0,Aaron Mooy (2017-18),Mooy: 17/18
Floyd Ayité,Fulham,MID,2017-18,4,2018-19,24.0,1.0,0.0,Floyd Ayité (2018-19),Ayité: 18/19
Sol Bamba,Cardiff,DEF,2017-18,4,2018-19,95.0,4.0,1.0,Sol Bamba (2018-19),Bamba: 18/19
Matt Doherty,Wolves,DEF,2017-18,4,2018-19,144.0,4.0,7.0,Matt Doherty (2018-19),Doherty: 18/19
Romain Saïss,Wolves,DEF,2017-18,4,2018-19,47.0,2.0,0.0,Romain Saïss (2018-19),Saïss: 18/19
Solly March,Brighton,MID,2016-17,3,2017-18,74.0,1.0,3.0,Solly March (2017-18),March: 17/18
Jamaal Lascelles,Newcastle,DEF,2016-17,3,2017-18,116.0,3.0,0.0,Jamaal Lascelles (2017-18),Lascelles: 17/18
Willy Boly,Wolves,DEF,2017-18,3,2018-19,120.0,4.0,0.0,Willy Boly (2018-19),Boly: 18/19
Omar Bogle,Cardiff,FWD,2017-18,3,2018-19,0.0,0.0,0.0,Omar Bogle (2018-19),Bogle: 18/19
Emilio N'Sue,Middlesbrough,DEF,2015-16,3,2016-17,10.0,0.0,0.0,Emilio N'Sue (2016-17),N'Sue: 16/17
Luke Berry,Luton,MID,2022-23,3,2023-24,31.0,2.0,1.0,Luke Berry (2023-24),Berry: 23/24
Allan Campbell,Luton,MID,2022-23,3,2023-24,0.0,0.0,0.0,Allan Campbell (2023-24),Campbell: 23/24
Neeskens Kebano,Fulham,MID,2017-18,3,2018-19,7.0,0.0,0.0,Neeskens Kebano (2018-19),Kebano: 18/19
Pelly-Ruddock Mpanzu,Luton,MID,2022-23,3,2023-24,35.0,0.0,0.0,Pelly-Ruddock Mpanzu (2023-24),Mpanzu: 23/24
Neeskens Kebano,Fulham,MID,2019-20,3,2020-21,6.0,0.0,0.0,Neeskens Kebano (2020-21),Kebano: 20/21
Anthony Knockaert,Fulham,MID,2019-20,3,2020-21,0.0,0.0,0.0,Anthony Knockaert (2020-21),Knockaert: 20/21
Jordan Zemura,Bournemouth,DEF,2021-22,3,2022-23,47.0,0.0,1.0,Jordan Zemura (2022-23),Zemura: 22/23
Jack Colback,Nott'm Forest,MID,2021-22,3,2022-23,14.0,0.0,0.0,Jack Colback (2022-23),Colback: 22/23
Ryan Christie,Bournemouth,MID,2021-22,3,2022-23,64.0,1.0,2.0,Ryan Christie (2022-23),Christie: 22/23
Tom Cairney,Fulham,MID,2021-22,3,2022-23,53.0,2.0,1.0,Tom Cairney (2022-23),Cairney: 22/23
Adama Diomandé,Hull,FWD,2015-16,3,2016-17,42.0,2.0,0.0,Adama Diomandé (2016-17),Diomandé: 16/17
Stewart Downing,Middlesbrough,MID,2015-16,3,2016-17,77.0,1.0,3.0,Stewart Downing (2016-17),Downing: 16/17
Ahmed Elmohamady,Hull,MID,2015-16,3,2016-17,62.0,0.0,2.0,Ahmed Elmohamady (2016-17),Elmohamady: 16/17
Kenneth Zohoré,West Brom,FWD,2019-20,3,2020-21,0.0,0.0,0.0,Kenneth Zohoré (2020-21),Zohoré: 20/21
Callum Robinson,West Brom,FWD,2019-20,3,2020-21,79.0,5.0,3.0,Callum Robinson (2020-21),Robinson: 20/21
Josh Onomah,Fulham,MID,2019-20,3,2020-21,13.0,0.0,0.0,Josh Onomah (2020-21),Onomah: 20/21
Dara O'Shea,West Brom,DEF,2019-20,3,2020-21,41.0,0.0,0.0,Dara O'Shea (2020-21),O'Shea: 20/21
Jake Livermore,West Brom,MID,2019-20,3,2020-21,25.0,0.0,0.0,Jake Livermore (2020-21),Livermore: 20/21
Jack Robinson,Sheffield Utd,DEF,2022-23,3,2023-24,33.0,1.0,1.0,Jack Robinson (2023-24),Robinson: 23/24
Kevin McDonald,Fulham,MID,2017-18,3,2018-19,17.0,0.0,0.0,Kevin McDonald (2018-19),McDonald: 18/19
Nathaniel Chalobah,Watford,MID,2020-21,3,2021-22,0.0,0.0,0.0,Nathaniel Chalobah (2021-22),Chalobah: 21/22
Ciaran Clark,Newcastle,DEF,2016-17,3,2017-18,64.0,2.0,1.0,Ciaran Clark (2017-18),Clark: 17/18
Momo Diamé,Newcastle,MID,2016-17,3,2017-18,70.0,2.0,0.0,Momo Diamé (2017-18),Diamé: 17/18
Michael Hefele,Huddersfield,DEF,2016-17,3,2017-18,1.0,0.0,0.0,Michael Hefele (2017-18),Hefele: 17/18
Kenny McLean,Norwich,MID,2018-19,3,2019-20,77.0,1.0,1.0,Kenny McLean (2019-20),McLean: 19/20
Oliver Norwood,Sheffield Utd,MID,2018-19,3,2019-20,98.0,1.0,3.0,Oliver Norwood (2019-20),Norwood: 19/20
Jack O'Connell,Sheffield Utd,DEF,2018-19,3,2019-20,111.0,0.0,1.0,Jack O'Connell (2019-20),O'Connell: 19/20
Scott Twine,Burnley,MID,2022-23,3,2023-24,0.0,0.0,0.0,Scott Twine (2023-24),Twine: 23/24
Vitaly Janelt,Brentford,MID,2020-21,3,2021-22,90.0,4.0,0.0,Vitaly Janelt (2021-22),Janelt: 21/22
Adam Idah,Norwich,FWD,2020-21,3,2021-22,36.0,1.0,2.0,Adam Idah (2021-22),Idah: 21/22
Saman Ghoddos,Brentford,MID,2020-21,3,2021-22,30.0,1.0,2.0,Saman Ghoddos (2021-22),Ghoddos: 21/22
Tom Lockyer,Luton,DEF,2022-23,3,2023-24,23.0,1.0,1.0,Tom Lockyer (2023-24),Lockyer: 23/24
Anthony Pilkington,Cardiff,MID,2017-18,3,2018-19,0.0,0.0,0.0,Anthony Pilkington (2018-19),Pilkington: 18/19
Tosin Adarabioyo,Fulham,DEF,2021-22,2,2022-23,49.0,1.0,0.0,Tosin Adarabioyo (2022-23),Adarabioyo: 22/23
Andy Robertson,Hull,DEF,2015-16,2,2016-17,73.0,1.0,2.0,Andy Robertson (2016-17),Robertson: 16/17
David Meyler,Hull,MID,2015-16,2,2016-17,33.0,1.0,0.0,David Meyler (2016-17),Meyler: 16/17
Kenny Tete,Fulham,DEF,2021-22,2,2022-23,90.0,1.0,5.0,Kenny Tete (2022-23),Tete: 22/23
Antonee Robinson,Fulham,DEF,2021-22,2,2022-23,93.0,0.0,2.0,Antonee Robinson (2022-23),Robinson: 22/23
Scott McKenna,Nott'm Forest,DEF,2021-22,2,2022-23,40.0,0.0,0.0,Scott McKenna (2022-23),McKenna: 22/23
Daniel Ayala,Middlesbrough,DEF,2015-16,2,2016-17,31.0,1.0,0.0,Daniel Ayala (2016-17),Ayala: 16/17
Curtis Davies,Hull,DEF,2015-16,2,2016-17,38.0,0.0,2.0,Curtis Davies (2016-17),Davies: 16/17
Kenny McLean,Norwich,MID,2020-21,2,2021-22,69.0,1.0,0.0,Kenny McLean (2021-22),McLean: 21/22
Adam Masina,Watford,DEF,2020-21,2,2021-22,25.0,0.0,1.0,Adam Masina (2021-22),Masina: 21/22
Mathias Jensen,Brentford,MID,2020-21,2,2021-22,54.0,0.0,1.0,Mathias Jensen (2021-22),Jensen: 21/22
Adam Forshaw,Middlesbrough,MID,2015-16,2,2016-17,77.0,0.0,2.0,Adam Forshaw (2016-17),Forshaw: 16/17
Max Aarons,Norwich,DEF,2020-21,2,2021-22,55.0,0.0,2.0,Max Aarons (2021-22),Aarons: 21/22
Tom Huddlestone,Hull,MID,2015-16,2,2016-17,62.0,1.0,2.0,Tom Huddlestone (2016-17),Huddlestone: 16/17
Ben Mee,Burnley,DEF,2015-16,2,2016-17,94.0,1.0,2.0,Ben Mee (2016-17),Mee: 16/17
Ivan Cavaleiro,Fulham,MID,2021-22,2,2022-23,0.0,0.0,0.0,Ivan Cavaleiro (2022-23),Cavaleiro: 22/23
Jamie Shackleton,Leeds,MID,2019-20,2,2020-21,17.0,0.0,0.0,Jamie Shackleton (2020-21),Shackleton: 20/21
Kieron Freeman,Sheffield Utd,DEF,2018-19,2,2019-20,2.0,0.0,0.0,Kieron Freeman (2019-20),Freeman: 19/20
Ahmed Elmohamady,Aston Villa,DEF,2018-19,2,2019-20,39.0,1.0,1.0,Ahmed Elmohamady (2019-20),Elmohamady: 19/20
Birkir Bjarnason,Aston Villa,MID,2018-19,2,2019-20,0.0,0.0,0.0,Birkir Bjarnason (2019-20),Bjarnason: 19/20
Max Aarons,Norwich,DEF,2018-19,2,2019-20,66.0,0.0,2.0,Max Aarons (2019-20),Aarons: 19/20
Cauley Woodrow,Luton,FWD,2022-23,2,2023-24,33.0,1.0,1.0,Cauley Woodrow (2023-24),Woodrow: 23/24
Kalvin Phillips,Leeds,MID,2019-20,2,2020-21,67.0,1.0,2.0,Kalvin Phillips (2020-21),Phillips: 20/21
Rajiv van La Parra,Huddersfield,MID,2016-17,2,2017-18,74.0,3.0,0.0,Rajiv van La Parra (2017-18),van La Parra: 17/18
Dale Stephens,Brighton,MID,2016-17,2,2017-18,87.0,0.0,3.0,Dale Stephens (2017-18),Stephens: 17/18
Christopher Schindler,Huddersfield,DEF,2016-17,2,2017-18,102.0,0.0,2.0,Christopher Schindler (2017-18),Schindler: 17/18
Collin Quaner,Huddersfield,FWD,2016-17,2,2017-18,44.0,0.0,4.0,Collin Quaner (2017-18),Quaner: 17/18
Jack Payne,Huddersfield,MID,2016-17,2,2017-18,0.0,0.0,0.0,Jack Payne (2017-18),Payne: 17/18
Jamie Murphy,Brighton,MID,2016-17,2,2017-18,6.0,0.0,0.0,Jamie Murphy (2017-18),Murphy: 17/18
Chris Löwe,Huddersfield,DEF,2016-17,2,2017-18,60.0,0.0,0.0,Chris Löwe (2017-18),Löwe: 17/18
Isaac Hayden,Newcastle,MID,2016-17,2,2017-18,41.0,1.0,0.0,Isaac Hayden (2017-18),Hayden: 17/18
Lewis Dunk,Brighton,DEF,2016-17,2,2017-18,97.0,1.0,1.0,Lewis Dunk (2017-18),Dunk: 17/18
Shane Duffy,Brighton,DEF,2016-17,2,2017-18,100.0,0.0,2.0,Shane Duffy (2017-18),Duffy: 17/18
Philip Billing,Huddersfield,MID,2016-17,2,2017-18,22.0,0.0,0.0,Philip Billing (2017-18),Billing: 17/18
John Fleck,Sheffield Utd,MID,2018-19,2,2019-20,101.0,5.0,2.0,John Fleck (2019-20),Fleck: 19/20
Jordan Clark,Luton,MID,2022-23,2,2023-24,44.0,1.0,1.0,Jordan Clark (2023-24),Clark: 23/24
Alfie Doughty,Luton,DEF,2022-23,2,2023-24,101.0,2.0,10.0,Alfie Doughty (2023-24),Doughty: 23/24
John Egan,Sheffield Utd,DEF,2022-23,2,2023-24,1.0,0.0,0.0,John Egan (2023-24),Egan: 23/24
Jayden Bogle,Sheffield Utd,DEF,2022-23,2,2023-24,63.0,3.0,3.0,Jayden Bogle (2023-24),Bogle: 23/24
Luke Freeman,Luton,MID,2022-23,2,2023-24,0.0,0.0,0.0,Luke Freeman (2023-24),Freeman: 23/24
Emiliano Marcondes,Bournemouth,MID,2021-22,2,2022-23,1.0,0.0,0.0,Emiliano Marcondes (2022-23),Marcondes: 22/23
Liam Cooper,Leeds,DEF,2019-20,2,2020-21,59.0,1.0,0.0,Liam Cooper (2020-21),Cooper: 20/21
Reece Burke,Luton,DEF,2022-23,2,2023-24,40.0,0.0,4.0,Reece Burke (2023-24),Burke: 23/24
Kyle Edwards,West Brom,MID,2019-20,2,2020-21,5.0,0.0,0.0,Kyle Edwards (2020-21),Edwards: 20/21
Oliver Norwood,Sheffield Utd,MID,2022-23,2,2023-24,42.0,1.0,0.0,Oliver Norwood (2023-24),Norwood: 23/24
Gabriel Osho,Luton,DEF,2022-23,2,2023-24,41.0,2.0,0.0,Gabriel Osho (2023-24),Osho: 23/24
Christoph Zimmermann,Norwich,DEF,2018-19,2,2019-20,35.0,0.0,1.0,Christoph Zimmermann (2019-20),Zimmermann: 19/20
Tyrone Mings,Aston Villa,DEF,2018-19,2,2019-20,90.0,2.0,2.0,Tyrone Mings (2019-20),Mings: 19/20
Darnell Furlong,West Brom,DEF,2019-20,2,2020-21,79.0,1.0,3.0,Darnell Furlong (2020-21),Furlong: 20/21
Moritz Leitner,Norwich,MID,2018-19,2,2019-20,16.0,0.0,0.0,Moritz Leitner (2019-20),Leitner: 19/20
Daniel Jebbison,Sheffield Utd,FWD,2022-23,1,2023-24,1.0,0.0,0.0,Daniel Jebbison (2023-24),Jebbison: 23/24
Max Lowe,Sheffield Utd,DEF,2022-23,1,2023-24,13.0,0.0,1.0,Max Lowe (2023-24),Lowe: 23/24
Ben Osborn,Sheffield Utd,MID,2022-23,1,2023-24,38.0,0.0,2.0,Ben Osborn (2023-24),Osborn: 23/24
John Fleck,Sheffield Utd,MID,2022-23,1,2023-24,3.0,0.0,0.0,John Fleck (2023-24),Fleck: 23/24
Lyle Foster,Burnley,FWD,2022-23,1,2023-24,75.0,5.0,3.0,Lyle Foster (2023-24),Foster: 23/24
Josh Onomah,Fulham,MID,2021-22,1,2022-23,2.0,0.0,0.0,Josh Onomah (2022-23),Onomah: 22/23
Hjalmar Ekdal,Burnley,DEF,2022-23,1,2023-24,15.0,0.0,0.0,Hjalmar Ekdal (2023-24),Ekdal: 23/24
George Baldock,Sheffield Utd,DEF,2022-23,1,2023-24,21.0,0.0,2.0,George Baldock (2023-24),Baldock: 23/24
Tim Ream,Fulham,DEF,2021-22,1,2022-23,98.0,1.0,0.0,Tim Ream (2022-23),Ream: 22/23
Alexander Mighten,Nott'm Forest,MID,2021-22,1,2022-23,1.0,0.0,0.0,Alexander Mighten (2022-23),Mighten: 22/23
Jefferson Lerma,Bournemouth,MID,2021-22,1,2022-23,101.0,5.0,0.0,Jefferson Lerma (2022-23),Lerma: 22/23
Lloyd Kelly,Bournemouth,DEF,2021-22,1,2022-23,60.0,0.0,2.0,Lloyd Kelly (2022-23),Kelly: 22/23
Lewis Cook,Bournemouth,MID,2021-22,1,2022-23,51.0,0.0,2.0,Lewis Cook (2022-23),Cook: 22/23
David Brooks,Bournemouth,MID,2021-22,1,2022-23,5.0,0.0,0.0,David Brooks (2022-23),Brooks: 22/23
Samuel Bastien,Burnley,MID,2022-23,1,2023-24,0.0,0.0,0.0,Samuel Bastien (2023-24),Bastien: 23/24
Amari'i Bell,Luton,DEF,2022-23,1,2023-24,35.0,0.0,0.0,Amari'i Bell (2023-24),Bell: 23/24
Jordan Beyer,Burnley,DEF,2022-23,1,2023-24,30.0,0.0,1.0,Jordan Beyer (2023-24),Beyer: 23/24
Rhian Brewster,Sheffield Utd,FWD,2022-23,1,2023-24,11.0,0.0,0.0,Rhian Brewster (2023-24),Brewster: 23/24
Josh Cullen,Burnley,MID,2022-23,1,2023-24,65.0,2.0,4.0,Josh Cullen (2023-24),Cullen: 23/24
Grant Hanley,Newcastle,DEF,2016-17,1,2017-18,0.0,0.0,0.0,Grant Hanley (2017-18),Hanley: 17/18
Kieran Gibbs,West Brom,DEF,2019-20,1,2020-21,5.0,0.0,0.0,Kieran Gibbs (2020-21),Gibbs: 20/21
Philip Zinckernagel,Watford,MID,2020-21,1,2021-22,0.0,0.0,0.0,Philip Zinckernagel (2021-22),Zinckernagel: 21/22
George Baldock,Sheffield Utd,DEF,2018-19,1,2019-20,142.0,2.0,4.0,George Baldock (2019-20),Baldock: 19/20
Todd Cantwell,Norwich,MID,2018-19,1,2019-20,111.0,6.0,2.0,Todd Cantwell (2019-20),Cantwell: 19/20
John Egan,Sheffield Utd,DEF,2018-19,1,2019-20,133.0,2.0,1.0,John Egan (2019-20),Egan: 19/20
Andre Green,Aston Villa,MID,2018-19,1,2019-20,0.0,0.0,0.0,Andre Green (2019-20),Green: 19/20
Grant Hanley,Norwich,DEF,2018-19,1,2019-20,23.0,0.0,0.0,Grant Hanley (2019-20),Hanley: 19/20
Kortney Hause,Aston Villa,DEF,2018-19,1,2019-20,34.0,1.0,0.0,Kortney Hause (2019-20),Hause: 19/20
Dennis Srbeny,Norwich,FWD,2018-19,1,2019-20,13.0,1.0,0.0,Dennis Srbeny (2019-20),Srbeny: 19/20
Richard Stearman,Sheffield Utd,DEF,2018-19,1,2019-20,0.0,0.0,0.0,Richard Stearman (2019-20),Stearman: 19/20
Alexander Tettey,Norwich,MID,2018-19,1,2019-20,67.0,1.0,1.0,Alexander Tettey (2019-20),Tettey: 19/20
Tom Trybull,Norwich,MID,2018-19,1,2019-20,28.0,0.0,0.0,Tom Trybull (2019-20),Trybull: 19/20
Stephen Ward,Burnley,DEF,2015-16,1,2016-17,91.0,1.0,1.0,Stephen Ward (2016-17),Ward: 16/17
James Tarkowski,Burnley,DEF,2015-16,1,2016-17,23.0,0.0,0.0,James Tarkowski (2016-17),Tarkowski: 16/17
Tim Ream,Fulham,DEF,2017-18,1,2018-19,50.0,0.0,0.0,Tim Ream (2018-19),Ream: 18/19
Matthew Lowton,Burnley,DEF,2015-16,1,2016-17,90.0,0.0,2.0,Matthew Lowton (2016-17),Lowton: 16/17
Danny Batth,Wolves,DEF,2017-18,1,2018-19,0.0,0.0,0.0,Danny Batth (2018-19),Batth: 18/19
Uwe Hünemeier,Brighton,DEF,2016-17,1,2017-18,1.0,0.0,0.0,Uwe Hünemeier (2017-18),Hünemeier: 17/18
Joe Lolley,Huddersfield,MID,2016-17,1,2017-18,11.0,1.0,0.0,Joe Lolley (2017-18),Lolley: 17/18
Chancel Mbemba,Newcastle,DEF,2016-17,1,2017-18,20.0,0.0,0.0,Chancel Mbemba (2017-18),Mbemba: 17/18
Steven Sidwell,Brighton,MID,2016-17,1,2017-18,0.0,0.0,0.0,Steven Sidwell (2017-18),Sidwell: 17/18
DeAndre Yedlin,Newcastle,DEF,2016-17,1,2017-18,88.0,0.0,2.0,DeAndre Yedlin (2017-18),Yedlin: 17/18
Joe Bennett,Cardiff,DEF,2017-18,1,2018-19,77.0,0.0,1.0,Joe Bennett (2018-19),Bennett: 18/19
Denis Odoi,Fulham,DEF,2017-18,1,2018-19,44.0,0.0,1.0,Denis Odoi (2018-19),Odoi: 18/19
Ryan Bennett,Wolves,DEF,2017-18,1,2018-19,89.0,1.0,0.0,Ryan Bennett (2018-19),Bennett: 18/19
Conor Coady,Wolves,DEF,2017-18,1,2018-19,94.0,0.0,0.0,Conor Coady (2018-19),Coady: 18/19
Bright Enobakhare,Wolves,MID,2017-18,1,2018-19,0.0,0.0,0.0,Bright Enobakhare (2018-19),Enobakhare: 18/19
Aron Gunnarsson,Cardiff,MID,2017-18,1,2018-19,65.0,1.0,1.0,Aron Gunnarsson (2018-19),Gunnarsson: 18/19
Shaun Maloney,Hull,MID,2015-16,1,2016-17,24.0,1.0,2.0,Shaun Maloney (2016-17),Maloney: 16/17
David Jones,Burnley,MID,2015-16,1,2016-17,1.0,0.0,0.0,David Jones (2016-17),Jones: 16/17
Ben Wilmot,Watford,DEF,2020-21,1,2021-22,0.0,0.0,0.0,Ben Wilmot (2021-22),Wilmot: 21/22
Ethan Pinnock,Brentford,DEF,2020-21,1,2021-22,90.0,1.0,1.0,Ethan Pinnock (2021-22),Pinnock: 21/22
Grant Hanley,Norwich,DEF,2020-21,1,2021-22,71.0,1.0,0.0,Grant Hanley (2021-22),Hanley: 21/22
Rico Henry,Brentford,DEF,2020-21,1,2021-22,108.0,3.0,0.0,Rico Henry (2021-22),Henry: 21/22
Christian Kabasele,Watford,DEF,2020-21,1,2021-22,21.0,0.0,0.0,Christian Kabasele (2021-22),Kabasele: 21/22
Josh Martin,Norwich,MID,2020-21,1,2021-22,0.0,0.0,0.0,Josh Martin (2021-22),Martin: 21/22
Stipe Perica,Watford,FWD,2020-21,1,2021-22,0.0,0.0,0.0,Stipe Perica (2021-22),Perica: 21/22
Craig Cathcart,Watford,DEF,2020-21,1,2021-22,50.0,0.0,1.0,Craig Cathcart (2021-22),Cathcart: 21/22
Francisco Sierralta,Watford,DEF,2020-21,1,2021-22,5.0,0.0,0.0,Francisco Sierralta (2021-22),Sierralta: 21/22
Jacob Sørensen,Norwich,DEF,2020-21,1,2021-22,9.0,0.0,0.0,Jacob Sørensen (2021-22),Sørensen: 21/22
Marco Stiepermann,Norwich,MID,2020-21,1,2021-22,0.0,0.0,0.0,Marco Stiepermann (2021-22),Stiepermann: 21/22
Isaac Success,Watford,FWD,2020-21,1,2021-22,0.0,0.0,0.0,Isaac Success (2021-22),Success: 21/22
William Troost-Ekong,Watford,DEF,2020-21,1,2021-22,18.0,0.0,0.0,William Troost-Ekong (2021-22),Troost/Ekong: 21/22
Domingos Quina,Watford,MID,2020-21,1,2021-22,0.0,0.0,0.0,Domingos Quina (2021-22),Quina: 21/22
Alex Bruce,Hull,DEF,2015-16,1,2016-17,0.0,0.0,0.0,Alex Bruce (2016-17),Bruce: 16/17
Ahmed Hegazy,West Brom,DEF,2019-20,1,2020-21,6.0,0.0,0.0,Ahmed Hegazy (2020-21),Hegazy: 20/21
Rouwen Hennings,Burnley,FWD,2015-16,1,2016-17,0.0,0.0,0.0,Rouwen Hennings (2016-17),Hennings: 16/17
Kyle Bartley,West Brom,DEF,2019-20,1,2020-21,79.0,3.0,1.0,Kyle Bartley (2020-21),Bartley: 20/21
Joe Bryan,Fulham,DEF,2019-20,1,2020-21,27.0,1.0,1.0,Joe Bryan (2020-21),Bryan: 20/21
Cyrus Christie,Fulham,DEF,2019-20,1,2020-21,0.0,0.0,0.0,Cyrus Christie (2020-21),Christie: 20/21
Jonathan Hogg,Huddersfield,MID,2016-17,1,2017-18,53.0,0.0,0.0,Jonathan Hogg (2017-18),Hogg: 17/18
Romaine Sawyers,West Brom,MID,2019-20,1,2020-21,33.0,0.0,0.0,Romaine Sawyers (2020-21),Sawyers: 20/21
Adam Clayton,Middlesbrough,MID,2015-16,1,2016-17,70.0,0.0,2.0,Adam Clayton (2016-17),Clayton: 16/17
Ben Gibson,Middlesbrough,DEF,2015-16,1,2016-17,121.0,1.0,1.0,Ben Gibson (2016-17),Gibson: 16/17
George Friend,Middlesbrough,DEF,2015-16,1,2016-17,59.0,0.0,3.0,George Friend (2016-17),Friend: 16/17
Michael Dawson,Hull,DEF,2015-16,1,2016-17,46.0,3.0,0.0,Michael Dawson (2016-17),Dawson: 16/17
Tendayi Darikwa,Burnley,DEF,2015-16,1,2016-17,0.0,0.0,0.0,Tendayi Darikwa (2016-17),Darikwa: 16/17
Dan Potts,Luton,DEF,2022-23,1,2023-24,0.0,0.0,0.0,Dan Potts (2023-24),Potts: 23/24
